,links
0,http://aajtak.intoday.in/gallery/health-benefits-of-ghee-after-delivery-1-10924.html
1,http://aajtak.intoday.in/gallery/denimise-your-look-with-alia-bhatt-1-11375.html
2,http://aajtak.intoday.in/gallery/lifestyle-tips-of-natural-glowing-skin-care-all-details-tlif-1-15338.html
3,http://aajtak.intoday.in/gallery/these-things-will-give-you-more-iodine-1-10741.html
4,http://aajtak.intoday.in/gallery/home-remedies-to-get-relief-from-heat-rashes-1-10480.html
5,http://aajtak.intoday.in/gallery/5-delicious-foods-that-cause-stress-1-8343.html
6,http://aajtak.intoday.in/gallery/jackie-shroff-daughter-and-tiger-shroff-daughter-krishna-hot-pics-1-11882.html
7,http://aajtak.intoday.in/gallery/lifestyle-rekha-ageless-beauty-secret-tlif-1-15267.html
8,http://aajtak.intoday.in/gallery/how-to-cure-skin-infections-in-monsoon-1-10789.html
9,http://aajtak.intoday.in/gallery/5-home-made-summer-face-masks-for-sensitive-skin-1-8520.html
10,http://aajtak.intoday.in/gallery/dengers-of-climate-change-can-be-a-killer-1-10359.html
11,http://aajtak.intoday.in/gallery/lifestyle-nihal-raj-cooking-kid-shef-tlif-1-14075.html
12,http://aajtak.intoday.in/gallery/start-your-day-with-these-fitness-tips-1-10720.html
13,http://aajtak.intoday.in/gallery/ten-health-benefits-of-ajwain-water-1-11036.html
14,http://aajtak.intoday.in/gallery/how-to-beat-weight-gain-if-you-are-in-a-sitting-desk-job-1-10758.html
15,http://aajtak.intoday.in/gallery/use-soap-according-to-your-skin-type-1-10471.html
16,http://aajtak.intoday.in/gallery/health-benefits-of-kesar-or-saffron-1-10515.html
17,http://aajtak.intoday.in/gallery/7-health-benefits-of-falsa-fruit-1-10652.html
18,http://aajtak.intoday.in/gallery/make-your-partners-valentine-day-healthy-by-these-ideas-1-11427.html
19,http://aajtak.intoday.in/gallery/lifestyle-rape-punishment-in-china-america-around-the-world-tlif-1-14366.html
20,http://aajtak.intoday.in/gallery/try-these-remedies-for-dark-elbows-and-knees-1-11006.html
21,http://aajtak.intoday.in/gallery/lifestyle-prime-minister-narendra-modi-family-tree-tlif-1-14805.html
22,http://aajtak.intoday.in/gallery/5-home-remedies-to-get-rid-of-dandruff-permanently-1-8400.html
23,http://aajtak.intoday.in/gallery/do-you-also-believe-in-these-myths-about-pregnancy-1-10896.html
24,http://aajtak.intoday.in/gallery/6-home-remedies-for-face-pigmentation-1-10769.html
25,http://aajtak.intoday.in/gallery/fashionable-look-during-pregnancy-1-10925.html
26,http://aajtak.intoday.in/gallery/indian-bride-shouldbe-avoid-these-5-things-on-marriage-day-1-10282.html
27,http://aajtak.intoday.in/gallery/health-benefits-of-eating-eggs-1-10255.html
28,http://aajtak.intoday.in/gallery/tips-for-how-to-clean-your-house-from-insects-1-10377.html
29,http://aajtak.intoday.in/gallery/lifestyle-radhe-maa-photos-controversies-police-case-all-details-tlif-1-15218.html
30,http://aajtak.intoday.in/gallery/wear-red-lipstick-according-to-your-age-and-skin-tone-1-10426.html
31,http://aajtak.intoday.in/gallery/why-you-should-sit-on-the-floor-while-eating-1-10370.html
32,http://aajtak.intoday.in/gallery/is-your-child-take-proper-nap-1-10823.html
33,http://aajtak.intoday.in/gallery/steps-to-make-your-eyes-pop-without-make-up-1-8809.html
34,http://aajtak.intoday.in/gallery/5-indian-food-destinations-every-indian-would-love-to-visit-1-11005.html
35,http://aajtak.intoday.in/gallery/these-things-are-important-to-remember-while-running-on-treadmill-1-11007.html
36,http://aajtak.intoday.in/gallery/lifestyle-what-items-to-gift-on-diwali-all-details-tlif-1-15466.html
37,http://aajtak.intoday.in/gallery/lifestyle-bill-gates-unknown-facts-tlif-1-14100.html
38,http://aajtak.intoday.in/gallery/seven-things-you-must-know-about-onam-festival-1-10977.html
39,http://aajtak.intoday.in/gallery/lifestyle-mukesh-ambani-daughter-isha-study-net-worth-boy-friend-hobbies-tlif-1-14658.html
40,http://aajtak.intoday.in/gallery/lifestyle-benefits-of-muskmelon-seeds-tlif-1-15251.html
41,http://aajtak.intoday.in/gallery/lifestyle-drumstick-soup-for-sexual-health-tlif-1-14731.html
42,http://aajtak.intoday.in/gallery/precautions-during-surya-namaskar-1-10764.html
43,http://aajtak.intoday.in/gallery/father-cancer-cures-through-breast-milk-1-12570.html
44,http://aajtak.intoday.in/gallery/these-spices-are-healthy-for-your-heart-1-10689.html
45,http://aajtak.intoday.in/gallery/remedies-to-stop-your-hiccups-1-10314.html
46,http://aajtak.intoday.in/gallery/health-benefits-of-drinking-warm-water-1-10473.html
47,http://aajtak.intoday.in/gallery/lifestyle-tips-and-side-effect-of-make-up-tlif-1-15000.html
48,http://aajtak.intoday.in/gallery/how-to-get-relief-from-dark-circles-1-10742.html
49,http://aajtak.intoday.in/gallery/health-benefits-of-dates-or-khajoor-1-10375.html
50,http://aajtak.intoday.in/gallery/lifestyle-hartalika-teej-2017-makeup-tips-tlif-1-14238.html
51,http://aajtak.intoday.in/gallery/7-health-benefits-of-garlic-and-honey-mixture-1-10424.html
52,http://aajtak.intoday.in/gallery/brave-women-ips-officer-1-11674.html
53,http://aajtak.intoday.in/gallery/lifestyle-dandiya-nights-make-up-and-looks-tips-tlif-1-14958.html
54,http://aajtak.intoday.in/gallery/5-yummy-foods-that-burn-calories-fast-1-8808.html
55,http://aajtak.intoday.in/gallery/5-health-benefits-of-cardamom-1-10396.html
56,http://aajtak.intoday.in/gallery/these-7-things-girls-do-after-breakup-1-10224.html
57,http://aajtak.intoday.in/gallery/makeup-tricks-to-hide-face-moles-1-10588.html
58,http://aajtak.intoday.in/gallery/health-benefits-of-lady-finger-1-10301.html
59,http://aajtak.intoday.in/gallery/5-health-benefits-of-muskmelon-1-10404.html
60,http://aajtak.intoday.in/gallery/lifestyle-10-things-should-avoid-in-pregnancy-miscarriage-tlif-1-14145.html
61,http://aajtak.intoday.in/gallery/health-benefits-of-drinking-raisins-water-1-10505.html
62,http://aajtak.intoday.in/gallery/these-indian-polticians-are-known-from-fashion-rahul-gandhi-yogi-adityanath-1-12021.html
63,http://aajtak.intoday.in/gallery/lifestyle-of-isha-ambani-nita-and-mukesh-ambani-daughter-richest-person-of-india-tlif-1-14976.html
64,http://aajtak.intoday.in/gallery/lifestyle-tips-for-hotel-booking-and-tourism-tlif-1-14341.html
65,http://aajtak.intoday.in/gallery/valentines-special-days-1-11390.html
66,http://aajtak.intoday.in/gallery/how-to-apply-perfect-nail-paint-1-10338.html
67,http://aajtak.intoday.in/gallery/benefits-of-brinjal-for-your-health-1-10306.html
68,http://aajtak.intoday.in/gallery/avoid-these-things-for-your-skin-aging-problems-1-10725.html
69,http://aajtak.intoday.in/gallery/tips-for-applying-perfect-makeup-1-10504.html
70,http://aajtak.intoday.in/gallery/avoid-these-home-remedies-1-10602.html
71,http://aajtak.intoday.in/gallery/do-you-know-about-these-dance-forms-of-india-1-10182.html
72,http://aajtak.intoday.in/gallery/foods-to-boost-eyesight-1-10879.html
73,http://aajtak.intoday.in/gallery/lifestyle-sattu-gud-makhana-for-fat-to-fit-healthy-life-tlif-1-15138.html
74,http://aajtak.intoday.in/gallery/lifestyle-these-makeup-tips-will-help-you-to-take-better-selfie-1-12959.html
75,http://aajtak.intoday.in/gallery/natural-home-remedies-for-health-1-10195.html
76,http://aajtak.intoday.in/gallery/must-try-these-five-looks-of-wedding-function-1-10283.html
77,http://aajtak.intoday.in/gallery/ayesha-aziz-mig-29-fighter-jet-youngest-lady-fighter-pilot-1-11873.html
78,http://aajtak.intoday.in/gallery/pain-in-different-body-parts-during-pregnancy-1-10831.html
79,http://aajtak.intoday.in/gallery/10-tips-to-use-banana-peels-in-daily-life-1-10429.html
80,http://aajtak.intoday.in/gallery/have-these-super-foods-and-get-glowing-skin-1-10767.html
81,http://aajtak.intoday.in/gallery/to-get-flowless-skin-like-anushka-shetty-use-these-6-natural-methods-1-12386.html
82,http://aajtak.intoday.in/gallery/5-daily-habits-that-are-aging-you-shockingly-fast-1-8715.html
83,http://aajtak.intoday.in/gallery/top-10-honeymoon-destinations-in-india-1-7581.html
84,http://aajtak.intoday.in/gallery/beauty-tips-for-how-to-mango-gives-you-glowing-skin-1-10432.html
85,http://aajtak.intoday.in/gallery/lifestyle-tips-to-decorate-beautiful-diwali-diya-all-details-tlif-1-15374.html
86,http://aajtak.intoday.in/gallery/home-remedies-how-to-get-relief-from-loose-motion-1-10795.html
87,http://aajtak.intoday.in/gallery/symptoms-of-vitamin-d-deficiency-1-10477.html
88,http://aajtak.intoday.in/gallery/lifestyle-nita-ambani-phone-price-mukesh-ambani-jio-tlif-1-14070.html
89,http://aajtak.intoday.in/gallery/lifestye-food-should-be-ovoid-in-empty-stomach-tlif-1-14550.html
90,http://aajtak.intoday.in/gallery/lifestyle-protection-from-infection-and-communicable-disease-tlif-1-13958.html
91,http://aajtak.intoday.in/gallery/glamorous-grandmother-zaklina-from-serbia-become-internet-sensation-1-11701.html
92,http://aajtak.intoday.in/gallery/5-apps-not-for-children-1-10573.html
93,http://aajtak.intoday.in/gallery/silence-give-you-mental-relaxation-and-more-stamina-1-10256.html
94,http://aajtak.intoday.in/gallery/makeup-tips-how-to-remove-your-makeup-1-10465.html
95,http://aajtak.intoday.in/gallery/tips-for-hair-whitening-problem-1-10817.html
96,http://aajtak.intoday.in/gallery/important-rules-to-worship-gods-in-hindu-religion-pujan-vidhi-1-10525.html
97,http://aajtak.intoday.in/gallery/reliance-jio-mukesh-ambani-house-antilia-inside-pics-1-12114.html
98,http://aajtak.intoday.in/gallery/6-healthy-benefits-of-eating-papaya-1-10280.html
99,http://aajtak.intoday.in/gallery/health-benefits-of-cinnamon-milk-1-11011.html
100,http://aajtak.intoday.in/gallery/right-way-and-time-for-having-green-tea-1-10818.html
101,http://aajtak.intoday.in/gallery/lifestyle-facebook-coo-sheryl-sandberg-husband-death-1-13834.html
102,http://aajtak.intoday.in/gallery/home-remedies-for-how-to-get-rid-of-dark-neck-1-10416.html
103,http://aajtak.intoday.in/gallery/must-try-these-7-lip-makeup-tips-1-10578.html
104,http://aajtak.intoday.in/gallery/do-you-know-the-importance-of-chura-in-punjabi-wedding-1-10727.html
105,http://aajtak.intoday.in/gallery/five-things-to-remember-when-giving-gift-to-kids-1-10970.html
106,http://aajtak.intoday.in/gallery/lifestyle-tips-for-buying-gold-jewellery-tlif-1-15302.html
107,http://aajtak.intoday.in/gallery/benefits-of-ghee-for-your-hair-1-10557.html
108,http://aajtak.intoday.in/gallery/foods-that-will-keep-you-cool-in-summer-1-8498.html
109,http://aajtak.intoday.in/gallery/health-benefits-of-green-chilies-1-10923.html
110,http://aajtak.intoday.in/gallery/seven-important-questions-related-to-pregnant-women-1-7843.html
111,http://aajtak.intoday.in/gallery/lifestyle-69th-annual-primetime-emmy-awards-priyanka-chopra-hollywood-tlif-1-14834.html
112,http://aajtak.intoday.in/gallery/home-remedies-for-natural-hair-colour-1-10685.html
113,http://aajtak.intoday.in/gallery/pregnancy-diet-eat-these-fruits-during-pregnancy-1-10466.html
114,http://aajtak.intoday.in/gallery/see-photos-of-bahubali-2-actress-tamanna-bhatia-1-11578.html
115,http://aajtak.intoday.in/gallery/home-remedies-pimples-treatment-with-lemon-1-10516.html
116,http://aajtak.intoday.in/gallery/rice-water-gives-you-health-and-glowing-skin-1-10390.html
117,http://aajtak.intoday.in/gallery/5-tips-to-look-stylish-in-monsoon-1-10653.html
118,http://aajtak.intoday.in/gallery/home-remedies-for-to-cure-white-spots-1-10622.html
119,http://aajtak.intoday.in/gallery/10-day-saving-hacks-for-brides-to-be-1-8554.html
120,http://aajtak.intoday.in/gallery/snake-festival-celebrated-in-italy-1-12460.html
121,http://aajtak.intoday.in/gallery/children-safety-tips-every-parents-must-know-1-11012.html
122,http://aajtak.intoday.in/gallery/deepika-will-make-a-beautiful-bride-for-sure-see-these-pics-1-10682.html
123,http://aajtak.intoday.in/gallery/different-potato-face-packs-for-glow-and-beauty-1-10334.html
124,http://aajtak.intoday.in/gallery/lifestyle-interesting-facts-about-falguni-pathak-fees-of-one-dandiya-night-tlif-1-14097.html
125,http://aajtak.intoday.in/gallery/lifestyle-tips-to-look-like-celebrity-in-blue-color-dress-tlif-1-15014.html
126,http://aajtak.intoday.in/gallery/10-ways-to-impress-a-girl-on-a-date-1-7390.html
127,http://aajtak.intoday.in/gallery/varun-kriti-to-sonam-jacqueline-the-best-of-instagram-this-week-1-9503.html
128,http://aajtak.intoday.in/gallery/half-girlfriend-shraddha-kapoor-summer-wardrobe-collection-1-12001.html
129,http://aajtak.intoday.in/gallery/five-health-benefits-of-potato-peel-1-10895.html
130,http://aajtak.intoday.in/gallery/lifestyle-less-than-6-hours-sleep-can-cause-kidney-disease-tlif-1-14974.html
131,http://aajtak.intoday.in/gallery/photos-of-miki-agrawal-sexual-harassment-thinx-ceo-new-york-1-11639.html
132,http://aajtak.intoday.in/gallery/what-your-favorite-flower-says-about-you-1-8427.html
133,http://aajtak.intoday.in/gallery/7-benefits-of-vinegar-for-different-usage-1-10521.html
134,http://aajtak.intoday.in/gallery/lifestyle-5-juices-for-kids-development-nutrition-child-diet-healthy-family-1-13207.html
135,http://aajtak.intoday.in/gallery/remarks-and-care-for-breast-feeding-1-10514.html
136,http://aajtak.intoday.in/gallery/lifestyle-narendra-modi-name-printed-suit-auction-price-tlif-1-14795.html
137,http://aajtak.intoday.in/gallery/see-pics-of-south-indian-heroin-seerat-kappor-semi-nude-photoshoot-1-11665.html
138,http://aajtak.intoday.in/gallery/these-eight-things-should-be-the-part-of-womens-diet-1-10631.html
139,http://aajtak.intoday.in/gallery/health-benefits-of-having-black-tea-at-morning-1-10749.html
140,http://aajtak.intoday.in/gallery/9th-edition-of-delhi-queer-pride-parade-pics-and-details-1-11213.html
141,http://aajtak.intoday.in/gallery/15-health-benefits-of-guava-fruit-1-10577.html
142,http://aajtak.intoday.in/gallery/beauty-tips-to-know-how-egg-shell-is-good-for-your-skin-1-10273.html
143,http://aajtak.intoday.in/gallery/lifestyle-surprising-unknown-facts-about-bread-tlif-1-14400.html
144,http://aajtak.intoday.in/gallery/pillow-is-not-good-for-your-baby-1-10596.html
145,http://aajtak.intoday.in/gallery/lifestyle-rakhi-festival-homemade-rakhi-with-waste-1-13840.html
146,http://aajtak.intoday.in/gallery/eye-makeup-tips-in-monsoon-1-10881.html
147,http://aajtak.intoday.in/gallery/use-rose-water-to-get-rid-of-pimples-1-10393.html
148,http://aajtak.intoday.in/gallery/lifestyle-trendy-mehendi-karva-chauth-fashion-tlif-1-15183.html
149,http://aajtak.intoday.in/gallery/these-5-mixtures-of-onion-juice-will-give-you-thick-and-long-hair-1-10386.html
150,http://aajtak.intoday.in/gallery/lifestyle-unknown-facts-of-taj-mahal-secret-tlif-1-15146.html
151,http://aajtak.intoday.in/gallery/lifestyle-karva-chauth-new-look-fashion-trendy-tlif-1-15144.html
152,http://aajtak.intoday.in/gallery/health-benefits-of-raisins-1-10672.html
153,http://aajtak.intoday.in/gallery/home-remedies-to-get-relief-from-joints-pain-1-10519.html
154,http://aajtak.intoday.in/gallery/8-famous-historical-love-story-1-11451.html
155,http://aajtak.intoday.in/gallery/festivals-of-monsoon-1-10628.html
156,http://aajtak.intoday.in/gallery/lifestyle-bollywood-diwali-fashion-tlif-1-15506.html
157,http://aajtak.intoday.in/gallery/internationa-lno-diet-day-without-dieting-get-perfect-body-1-12411.html
158,http://aajtak.intoday.in/gallery/lifestyle-rights-every-indian-women-must-know-tlif-1-14240.html
159,http://aajtak.intoday.in/gallery/lifestyle-tourism-thailand-1-13821.html
160,http://aajtak.intoday.in/gallery/lifestyle-short-height-looks-fashion-diwali-dress-trendy-all-details-tlif-1-15332.html
161,http://aajtak.intoday.in/gallery/how-to-choose-babies-clothes-1-10676.html
162,http://aajtak.intoday.in/gallery/these-chemicals-take-away-the-nutrients-of-our-body-1-10556.html
163,http://aajtak.intoday.in/gallery/young-mothers-beautiful-mom-instagram-mother-and-daughter-pictures-1-12453.html
164,http://aajtak.intoday.in/gallery/during-pregnancy-why-you-should-be-avoide-tea-and-coffee-1-10317.html
165,http://aajtak.intoday.in/gallery/play-with-colours-this-summer-1-8625.html
166,http://aajtak.intoday.in/gallery/lifestyle-40-thousand-people-do-garba-in-gujrat-together-tlif-1-14980.html
167,http://aajtak.intoday.in/gallery/instagram-latest-trend-body-postive-side-hip-dips-1-13304.html
168,http://aajtak.intoday.in/gallery/lifestyle-egg-pregnancy-health-tips-tlif-1-14239.html
169,http://aajtak.intoday.in/gallery/avoid-these-things-before-going-to-bed-1-10248.html
170,http://aajtak.intoday.in/gallery/7-tea-flavoured-can-make-your-weight-balanced-1-11219.html
171,http://aajtak.intoday.in/gallery/8-amazing-benefits-of-green-bananas-1-10802.html
172,http://aajtak.intoday.in/gallery/17-years-forced-marriage-became-officer-without-supported-by-husband-and-family-1-11681.html
173,http://aajtak.intoday.in/gallery/diwali-festival-tips-low-budget-home-decoration-all-details-tlif-1-15278.html
174,http://aajtak.intoday.in/gallery/how-to-comb-your-hair-with-all-care-1-10323.html
175,http://aajtak.intoday.in/gallery/make-your-underarms-clean-and-white-1-10621.html
176,http://aajtak.intoday.in/gallery/stree-tips-swine-flu-protection-amir-khan-richa-chadhha-tstr-1-13928.html
177,http://aajtak.intoday.in/gallery/how-to-care-your-hair-in-summers-1-10445.html
178,http://aajtak.intoday.in/gallery/vegetarian-diet-gaining-popularity-at-global-level-1-10551.html
179,http://aajtak.intoday.in/gallery/5-beauty-benefits-of-walnut-1-10826.html
180,http://aajtak.intoday.in/gallery/lifestyle-car-and-clothes-designs-by-ram-rahim-tlif-1-14373.html
181,http://aajtak.intoday.in/gallery/world-top-10-most-expensive-watches-1-8396.html
182,http://aajtak.intoday.in/gallery/lifestyle-dhanteras-special-rangoli-tips-tlif-1-15437.html
183,http://aajtak.intoday.in/gallery/lifestyle-relationship-partner-honesty-check-tlif-1-14029.html
184,http://aajtak.intoday.in/gallery/these-easy-digestive-six-things-are-good-for-stomach-1-10583.html
185,http://aajtak.intoday.in/gallery/ten-most-costly-city-of-world-see-pictures-1-11328.html
186,http://aajtak.intoday.in/gallery/nine-health-benefits-of-drinking-turmeric-water-1-10530.html
187,http://aajtak.intoday.in/gallery/having-basil-leaf-is-good-in-pregnancy-1-10756.html
188,http://aajtak.intoday.in/gallery/how-to-boost-your-immunity-system-with-right-diet-1-10489.html
189,http://aajtak.intoday.in/gallery/why-banana-is-good-for-childern-health-1-10743.html
190,http://aajtak.intoday.in/gallery/lifestyle-chanki-pandey-daughter-ananya-style-mantra-tlif-1-14194.html
191,http://aajtak.intoday.in/gallery/top-5-fruits-to-keep-your-teeth-clean-healthy-and-bright-1-8582.html
192,http://aajtak.intoday.in/gallery/7-reliable-home-remedies-to-lighten-dark-lips-1-8467.html
193,http://aajtak.intoday.in/gallery/go-out-of-the-house-with-careless-oily-hair-malaika-arora-1-12311.html
194,http://aajtak.intoday.in/gallery/different-facepacks-of-pomegranate-for-glowing-skin-1-10523.html
195,http://aajtak.intoday.in/gallery/lifestyle-pregnancy-pineapple-safe-to-eat-tlif-1-14358.html
196,http://aajtak.intoday.in/gallery/plastic-eggs-fake-eggs-health-problems-be-careful-1-11803.html
197,http://aajtak.intoday.in/gallery/best-countries-for-solo-women-travelers-1-8355.html
198,http://aajtak.intoday.in/gallery/drinking-water-from-copper-vessel-will-give-you-these-health-benefits-1-10412.html
199,http://aajtak.intoday.in/gallery/home-remedies-to-cure-migraine-pain-1-10336.html
200,http://aajtak.intoday.in/gallery/lifestyle-jannatul-nayeem-stripped-of-miss-world-bangladesh-title-tlif-1-15182.html
201,http://aajtak.intoday.in/gallery/lifestyle-akshay-kumar-fitness-mantra-tlif-1-14637.html
202,http://aajtak.intoday.in/gallery/these-9-tips-will-help-you-to-reduce-belly-fat-fast-1-10292.html
203,http://aajtak.intoday.in/gallery/home-remedies-to-cure-kidney-stone-1-10326.html
204,http://aajtak.intoday.in/gallery/stree-eat-5-essential-things-to-get-26-waist-tstr-1-13923.html
205,http://aajtak.intoday.in/gallery/lifestyle-benefits-of-nigella-sativa-kalaunji-in-hindi-tlif-1-14973.html
206,http://aajtak.intoday.in/gallery/know-what-is-zika-virus-symptoms-gujarat-ahmedabad-paralysis-microcephaly-1-12786.html
207,http://aajtak.intoday.in/gallery/how-to-dress-to-look-taller-1-10595.html
208,http://aajtak.intoday.in/gallery/beauty-tips-of-baking-soda-1-10486.html
209,http://aajtak.intoday.in/gallery/lifestyle-pregnancy-for-healthy-baby-do-not-eat-these-superfood-tlif-1-15360.html
210,http://aajtak.intoday.in/gallery/unusual-honeymoon-destinations-1-8146.html
211,http://aajtak.intoday.in/gallery/last-minute-valentines-day-gift-ideas-1-11428.html
212,http://aajtak.intoday.in/gallery/vegetable-peels-can-make-your-skin-glow-1-10531.html
213,http://aajtak.intoday.in/gallery/lifestyle-benefits-of-eating-tomatoes-in-empty-stomach-tlif-1-14711.html
214,http://aajtak.intoday.in/gallery/lifestyle-after-meal-sex-sleeping-drinking-water-harmful-tlif-1-14189.html
215,http://aajtak.intoday.in/gallery/lifestyle-cumin-water-benefits-after-pregnancy-tlif-1-14544.html
216,http://aajtak.intoday.in/gallery/51-year-old-hollywood-actress-elizabeth-hurley-bikini-pics-1-12027.html
217,http://aajtak.intoday.in/gallery/5-health-benefits-of-cycling-to-make-you-fit-and-fine-1-10502.html
218,http://aajtak.intoday.in/gallery/lifestyle-unknown-facts-about-tea-side-effects-on-health-tlif-1-14705.html
219,http://aajtak.intoday.in/gallery/lifestyle-women-defence-ministers-of-the-world-along-with-nirmala-sitaraman-tlif-1-14580.html
220,http://aajtak.intoday.in/gallery/lifestyle-16-years-old-girl-tripal-talak-supreme-court-malala-tlif-1-14181.html
221,http://aajtak.intoday.in/gallery/lifestyle-romance-mood-sex-life-tlif-1-13963.html
222,http://aajtak.intoday.in/gallery/stree-10-unknown-facts-of-mahatma-gandhi-never-heard-and-health-tips-tstr-1-15126.html
223,http://aajtak.intoday.in/gallery/why-men-change-in-the-presence-of-women-1-10706.html
224,http://aajtak.intoday.in/gallery/7-health-benefits-of-lychee-1-10440.html
